{
    "OA01": {
        "IRAC-3": {
            "Source": [
                2.2759967870691216
            ],
            "BG": [
                2.0958614773606348,
                2.245021151051776
            ]
        },
        "IRAC-4": {
            "Source": [
                6.711050863382928
            ],
            "BG": [
                6.362514370169456,
                6.367723080283828
            ]
        },
        "WISE-4": {
            "Source": [
                144.13456167564064
            ],
            "BG": [
                144.37292892753013,
                143.45812297202636
            ]
        },
        "WISE-3": {
            "Source": [
                489.6556496724595
            ],
            "BG": [
                484.33686651658513,
                485.3977479476706
            ]
        },
        "WISE-2": {
            "Source": [
                10.531232762352552
            ],
            "BG": [
                10.070067990210749,
                9.877928843641193
            ]
        },
        "PACS-R": {
            "Source": [
                0.004708466816132168
            ],
            "BG": [
                0.00156504635939165,
                0.0023741523714375912
            ]
        },
        "PACS-B": {
            "Source": [
                0.00027462221002746864
            ],
            "BG": [
                0.00024756048210963,
                0.0001272546124498877
            ]
        },
        "MIPS-1": {
            "Source": [
                33.98975763135508
            ],
            "BG": [
                34.23247201926771,
                33.287240142503045
            ]
        },
        "MIPS-2": {
            "Source": [
                48.5399050917098
            ],
            "BG": [
                45.512730197071626,
                47.1190358864969
            ]
        },
        "MIPS-3": {
            "Source": [
                87.00091875103158
            ],
            "BG": [
                78.11941390231723,
                81.65366529535365
            ]
        },
        "SPIRE-500": {
            "Source": [
                -0.11398276181846201
            ],
            "BG": [
                -0.18580899442141413,
                -0.1775348086156934
            ]
        },
        "SPIRE-350": {
            "Source": [
                -0.11170727315742678
            ],
            "BG": [
                -0.19742691033155813,
                -0.18986949074601098
            ]
        },
        "SPIRE-250": {
            "Source": [
                -0.08856160972908783
            ],
            "BG": [
                -0.1877125961441229,
                -0.17282622257238056
            ]
        }
    }
}