{
    "OA01": {
        "IRAC-3": {
            "Source": [
                2.309998591627683
            ],
            "BG": [
                2.106675973153114,
                2.246882651210478
            ]
        },
        "IRAC-4": {
            "Source": [
                6.7288888633313775
            ],
            "BG": [
                6.3679974595546724,
                6.368748426407576
            ]
        },
        "WISE-4": {
            "Source": [
                144.13559396040228
            ],
            "BG": [
                144.37198350129975,
                143.45811308786315
            ]
        },
        "WISE-3": {
            "Source": [
                489.70523249467715
            ],
            "BG": [
                484.3387960886795,
                485.3971173859348
            ]
        },
        "WISE-2": {
            "Source": [
                10.930912398121075
            ],
            "BG": [
                10.131381129853114,
                9.885281954657088
            ]
        },
        "PACS-R": {
            "Source": [
                0.004699411025397218
            ],
            "BG": [
                0.0015598259508359871,
                0.002372816330282348
            ]
        },
        "PACS-B": {
            "Source": [
                0.0002741853363824666
            ],
            "BG": [
                0.0002474078426080702,
                0.00012783893433693775
            ]
        },
        "MIPS-1": {
            "Source": [
                33.99238465735693
            ],
            "BG": [
                34.23186708948232,
                33.28713138262431
            ]
        },
        "MIPS-2": {
            "Source": [
                48.52826216379801
            ],
            "BG": [
                45.51805900997586,
                47.122397117614746
            ]
        },
        "MIPS-3": {
            "Source": [
                87.00527096669609
            ],
            "BG": [
                78.17138957977295,
                81.65366529535365
            ]
        },
        "SPIRE-500": {
            "Source": [
                -0.11411370249095566
            ],
            "BG": [
                -0.1859553816068319,
                -0.1775348086156934
            ]
        },
        "SPIRE-350": {
            "Source": [
                -0.1116663253174884
            ],
            "BG": [
                -0.19754586307188196,
                -0.18986949074601098
            ]
        },
        "SPIRE-250": {
            "Source": [
                -0.08883525519641142
            ],
            "BG": [
                -0.18781363167626502,
                -0.17282622257238056
            ]
        }
    }
}